<?xml version="1.0" encoding="UTF-8"?>
<suppressions xmlns="https://jeremylong.github.io/DependencyCheck/dependency-suppression.1.3.xsd">

	<!-- supressing "hibernate-validator-6.0.18.Final.jar" because it is not used in the program -->
	<suppress>
		<notes><![CDATA[
		file name: hibernate-validator-6.0.18.Final.jar
		]]></notes>
		<packageUrl regex="true">^pkg:maven/org\.hibernate\.validator/hibernate-validator@.*$</packageUrl>
		<cve>CVE-2020-10693</cve>
	</suppress>
	
	<!-- suppressing "jackson-databind-2.10.2.jar" because it is not used in the program -->
	<suppress>
		<notes><![CDATA[
		file name: jackson-databind-2.10.2.jar
		]]></notes>
		<packageUrl regex="true">^pkg:maven/com\.fasterxml\.jackson\.core/jackson-databind@.*$</packageUrl>
		<cve>CVE-2020-25649</cve>
	</suppress>
	<suppress>
		<notes><![CDATA[
		file name: jackson-databind-2.10.2.jar
		]]></notes>
		<packageUrl regex="true">^pkg:maven/com\.fasterxml\.jackson\.core/jackson-databind@.*$</packageUrl>
		<cve>CVE-2020-36518</cve>
	</suppress>
	<suppress>
		<notes><![CDATA[
		file name: jackson-databind-2.10.2.jar
		]]></notes>
		<packageUrl regex="true">^pkg:maven/com\.fasterxml\.jackson\.core/jackson-databind@.*$</packageUrl>
		<cve>CVE-2021-46877</cve>
	</suppress>
	<suppress>
		<notes><![CDATA[
		file name: jackson-databind-2.10.2.jar
		]]></notes>
		<packageUrl regex="true">^pkg:maven/com\.fasterxml\.jackson\.core/jackson-databind@.*$</packageUrl>
		<cve>CVE-2022-42003</cve>
	</suppress>
	<suppress>
		<notes><![CDATA[
		file name: jackson-databind-2.10.2.jar
		]]></notes>
		<packageUrl regex="true">^pkg:maven/com\.fasterxml\.jackson\.core/jackson-databind@.*$</packageUrl>
		<cve>CVE-2022-42004</cve>
	</suppress>
	<suppress>
		<notes><![CDATA[
		file name: jackson-databind-2.10.2.jar
		]]></notes>
		<packageUrl regex="true">^pkg:maven/com\.fasterxml\.jackson\.core/jackson-databind@.*$</packageUrl>
		<cve>CVE-2023-35116</cve>
	</suppress>

	<!-- suppressing "json-path-2.4.0.jar" because its not being used in the program -->
	<suppress>
		<notes><![CDATA[
		file name: json-path-2.4.0.jar
		]]></notes>
		<packageUrl regex="true">^pkg:maven/com\.jayway\.jsonpath/json-path@.*$</packageUrl>
		<vulnerabilityName>CVE-2023-51074</vulnerabilityName>
	</suppress>

	<!-- suppressing "json-smart-2.3.jar" because it is not used in the program -->
	<suppress>
		<notes><![CDATA[
		file name: json-smart-2.3.jar
		]]></notes>
		<packageUrl regex="true">^pkg:maven/net\.minidev/json-smart@.*$</packageUrl>
		<vulnerabilityName>CVE-2021-31684</vulnerabilityName>
	</suppress>
	<suppress>
		<notes><![CDATA[
		file name: json-smart-2.3.jar
		]]></notes>
		<packageUrl regex="true">^pkg:maven/net\.minidev/json-smart@.*$</packageUrl>
		<cve>CVE-2023-1370</cve>
	</suppress>
	<suppress>
		<notes><![CDATA[
		file name: json-smart-2.3.jar
		]]></notes>
		<packageUrl regex="true">^pkg:maven/net\.minidev/json-smart@.*$</packageUrl>
		<cve>CVE-2021-27568</cve>
	</suppress>

	<!-- suppressing "log4j-api-2.12.1.jar" because its not used in the program -->
	<suppress>
		<notes><![CDATA[
		file name: log4j-api-2.12.1.jar
		]]></notes>
		<packageUrl regex="true">^pkg:maven/org\.apache\.logging\.log4j/log4j-api@.*$</packageUrl>
		<cve>CVE-2020-9488</cve>
	</suppress>

	<!-- suppressing "logback-core-1.2.3.jar" because it is not used in the program -->
	<suppress>
		<notes><![CDATA[
		file name: logback-core-1.2.3.jar
		]]></notes>
		<packageUrl regex="true">^pkg:maven/ch\.qos\.logback/logback-core@.*$</packageUrl>
		<cve>CVE-2023-6378</cve>
	</suppress>
	<suppress>
		<notes><![CDATA[
		file name: logback-core-1.2.3.jar
		]]></notes>
		<packageUrl regex="true">^pkg:maven/ch\.qos\.logback/logback-core@.*$</packageUrl>
		<cve>CVE-2021-42550</cve>
	</suppress>

	<!-- suppressing "snakeyaml-1.25.jar" because its not used in the program -->
	<suppress>
		<notes><![CDATA[
		file name: snakeyaml-1.25.jar
		]]></notes>
		<packageUrl regex="true">^pkg:maven/org\.yaml/snakeyaml@.*$</packageUrl>
		<cve>CVE-2022-1471</cve>
	</suppress>
	<suppress>
		<notes><![CDATA[
		file name: snakeyaml-1.25.jar
		]]></notes>
		<packageUrl regex="true">^pkg:maven/org\.yaml/snakeyaml@.*$</packageUrl>
		<cve>CVE-2017-18640</cve>
	</suppress>
	<suppress>
		<notes><![CDATA[
		file name: snakeyaml-1.25.jar
		]]></notes>
		<packageUrl regex="true">^pkg:maven/org\.yaml/snakeyaml@.*$</packageUrl>
		<cve>CVE-2022-25857</cve>
	</suppress>
	<suppress>
		<notes><![CDATA[
		file name: snakeyaml-1.25.jar
		]]></notes>
		<packageUrl regex="true">^pkg:maven/org\.yaml/snakeyaml@.*$</packageUrl>
		<cve>CVE-2022-38749</cve>
	</suppress>
	<suppress>
		<notes><![CDATA[
		file name: snakeyaml-1.25.jar
		]]></notes>
		<packageUrl regex="true">^pkg:maven/org\.yaml/snakeyaml@.*$</packageUrl>
		<cve>CVE-2022-38751</cve>
	</suppress>
	<suppress>
		<notes><![CDATA[
		file name: snakeyaml-1.25.jar
		]]></notes>
		<packageUrl regex="true">^pkg:maven/org\.yaml/snakeyaml@.*$</packageUrl>
		<cve>CVE-2022-38752</cve>
	</suppress>
	<suppress>
		<notes><![CDATA[
		file name: snakeyaml-1.25.jar
		]]></notes>
		<packageUrl regex="true">^pkg:maven/org\.yaml/snakeyaml@.*$</packageUrl>
		<cve>CVE-2022-41854</cve>
	</suppress>
	<suppress>
		<notes><![CDATA[
		file name: snakeyaml-1.25.jar
		]]></notes>
		<packageUrl regex="true">^pkg:maven/org\.yaml/snakeyaml@.*$</packageUrl>
		<cve>CVE-2022-38750</cve>
	</suppress>

	<!-- suppressing "logback-classic-1.2.3.jar" because its not used in the program -->
	<suppress>
		<notes><![CDATA[
		file name: logback-classic-1.2.3.jar
		]]></notes>
		<packageUrl regex="true">^pkg:maven/ch\.qos\.logback/logback-classic@.*$</packageUrl>
		<cve>CVE-2023-6378</cve>
	</suppress>
	<suppress>
		<notes><![CDATA[
		file name: logback-classic-1.2.3.jar
		]]></notes>
		<packageUrl regex="true">^pkg:maven/ch\.qos\.logback/logback-classic@.*$</packageUrl>
		<cve>CVE-2021-42550</cve>
	</suppress>

	<!-- suppressing CVE-2023-20873 because the application is not deployed to cloud foundry -->
	<suppress>
		<notes><![CDATA[
		file name: spring-boot-2.2.4.RELEASE.jar
		]]></notes>
		<packageUrl regex="true">^pkg:maven/org\.springframework\.boot/spring-boot@.*$</packageUrl>
		<cve>CVE-2023-20873</cve>
	</suppress>
	<suppress>
		<notes><![CDATA[
		file name: spring-boot-starter-2.2.4.RELEASE.jar
		]]></notes>
		<packageUrl regex="true">^pkg:maven/org\.springframework\.boot/spring-boot-starter@.*$</packageUrl>
		<cve>CVE-2023-20873</cve>
	</suppress>
	<suppress>
		<notes><![CDATA[
		file name: spring-boot-starter-web-2.2.4.RELEASE.jar
		]]></notes>
		<packageUrl regex="true">^pkg:maven/org\.springframework\.boot/spring-boot-starter-web@.*$</packageUrl>
		<cve>CVE-2023-20873</cve>
	</suppress>
	<suppress>
		<notes><![CDATA[
		file name: spring-boot-starter-json-2.2.4.RELEASE.jar
		]]></notes>
		<packageUrl regex="true">^pkg:maven/org\.springframework\.boot/spring-boot-starter-json@.*$</packageUrl>
		<cve>CVE-2023-20873</cve>
	</suppress>
	<suppress>
		<notes><![CDATA[
		file name: spring-boot-autoconfigure-2.2.4.RELEASE.jar
		]]></notes>
		<packageUrl regex="true">^pkg:maven/org\.springframework\.boot/spring-boot-autoconfigure@.*$</packageUrl>
		<cve>CVE-2023-20873</cve>
	</suppress>
	<suppress>
		<notes><![CDATA[
		file name: spring-boot-starter-data-rest-2.2.4.RELEASE.jar
		]]></notes>
		<packageUrl regex="true">^pkg:maven/org\.springframework\.boot/spring-boot-starter-data-rest@.*$</packageUrl>
		<cve>CVE-2023-20873</cve>
	</suppress>
	<suppress>
		<notes><![CDATA[
		file name: spring-boot-starter-tomcat-2.2.4.RELEASE.jar
		]]></notes>
		<packageUrl regex="true">^pkg:maven/org\.springframework\.boot/spring-boot-starter-tomcat@.*$</packageUrl>
		<cve>CVE-2023-20873</cve>
	</suppress>
	<suppress>
		<notes><![CDATA[
		file name: spring-boot-starter-logging-2.2.4.RELEASE.jar
		]]></notes>
		<packageUrl regex="true">^pkg:maven/org\.springframework\.boot/spring-boot-starter-logging@.*$</packageUrl>
		<cve>CVE-2023-20873</cve>
	</suppress>
	<suppress>
		<notes><![CDATA[
		file name: spring-boot-starter-validation-2.2.4.RELEASE.jar
		]]></notes>
		<packageUrl regex="true">^pkg:maven/org\.springframework\.boot/spring-boot-starter-validation@.*$</packageUrl>
		<cve>CVE-2023-20873</cve>
	</suppress>
	
	<!-- suppressing CVE-2022-27772 because the application does not use the org.springframework.boot.web.server.AbstractConfigurableWebServerFactory.createTempDir method -->
	<suppress>
		<notes><![CDATA[
		file name: spring-boot-2.2.4.RELEASE.jar
		]]></notes>
		<packageUrl regex="true">^pkg:maven/org\.springframework\.boot/spring-boot@.*$</packageUrl>
		<cve>CVE-2022-27772</cve>
	</suppress>
	<suppress>
		<notes><![CDATA[
		file name: spring-boot-starter-2.2.4.RELEASE.jar
		]]></notes>
		<packageUrl regex="true">^pkg:maven/org\.springframework\.boot/spring-boot-starter@.*$</packageUrl>
		<cve>CVE-2022-27772</cve>
	</suppress>
	<suppress>
		<notes><![CDATA[
		file name: spring-boot-starter-web-2.2.4.RELEASE.jar
		]]></notes>
		<packageUrl regex="true">^pkg:maven/org\.springframework\.boot/spring-boot-starter-web@.*$</packageUrl>
		<cve>CVE-2022-27772</cve>
	</suppress>
	<suppress>
		<notes><![CDATA[
		file name: spring-boot-starter-json-2.2.4.RELEASE.jar
		]]></notes>
		<packageUrl regex="true">^pkg:maven/org\.springframework\.boot/spring-boot-starter-json@.*$</packageUrl>
		<cve>CVE-2022-27772</cve>
	</suppress>
	<suppress>
		<notes><![CDATA[
		file name: spring-boot-autoconfigure-2.2.4.RELEASE.jar
		]]></notes>
		<packageUrl regex="true">^pkg:maven/org\.springframework\.boot/spring-boot-autoconfigure@.*$</packageUrl>
		<cve>CVE-2022-27772</cve>
	</suppress>
	<suppress>
		<notes><![CDATA[
		file name: spring-boot-starter-data-rest-2.2.4.RELEASE.jar
		]]></notes>
		<packageUrl regex="true">^pkg:maven/org\.springframework\.boot/spring-boot-starter-data-rest@.*$</packageUrl>
		<cve>CVE-2022-27772</cve>
	</suppress>
	<suppress>
		<notes><![CDATA[
		file name: spring-boot-starter-tomcat-2.2.4.RELEASE.jar
		]]></notes>
		<packageUrl regex="true">^pkg:maven/org\.springframework\.boot/spring-boot-starter-tomcat@.*$</packageUrl>
		<cve>CVE-2022-27772</cve>
	</suppress>
	<suppress>
		<notes><![CDATA[
		file name: spring-boot-starter-logging-2.2.4.RELEASE.jar
		]]></notes>
		<packageUrl regex="true">^pkg:maven/org\.springframework\.boot/spring-boot-starter-logging@.*$</packageUrl>
		<cve>CVE-2022-27772</cve>
	</suppress>
	<suppress>
		<notes><![CDATA[
		file name: spring-boot-starter-validation-2.2.4.RELEASE.jar
		]]></notes>
		<packageUrl regex="true">^pkg:maven/org\.springframework\.boot/spring-boot-starter-validation@.*$</packageUrl>
		<cve>CVE-2022-27772</cve>
	</suppress>

	<!-- suppressing CVE-2023-20883 because the application does not use Spring MVC or a reverse proxy cache -->
	<suppress>
		<notes><![CDATA[
		file name: spring-boot-2.2.4.RELEASE.jar
		]]></notes>
		<packageUrl regex="true">^pkg:maven/org\.springframework\.boot/spring-boot@.*$</packageUrl>
		<cve>CVE-2023-20883</cve>
	</suppress>
	<suppress>
		<notes><![CDATA[
		file name: spring-boot-starter-2.2.4.RELEASE.jar
		]]></notes>
		<packageUrl regex="true">^pkg:maven/org\.springframework\.boot/spring-boot-starter@.*$</packageUrl>
		<cve>CVE-2023-20883</cve>
	</suppress>
	<suppress>
		<notes><![CDATA[
		file name: spring-boot-starter-web-2.2.4.RELEASE.jar
		]]></notes>
		<packageUrl regex="true">^pkg:maven/org\.springframework\.boot/spring-boot-starter-web@.*$</packageUrl>
		<cve>CVE-2023-20883</cve>
	</suppress>
	<suppress>
		<notes><![CDATA[
		file name: spring-boot-starter-json-2.2.4.RELEASE.jar
		]]></notes>
		<packageUrl regex="true">^pkg:maven/org\.springframework\.boot/spring-boot-starter-json@.*$</packageUrl>
		<cve>CVE-2023-20883</cve>
	</suppress>
	<suppress>
		<notes><![CDATA[
		file name: spring-boot-autoconfigure-2.2.4.RELEASE.jar
		]]></notes>
		<packageUrl regex="true">^pkg:maven/org\.springframework\.boot/spring-boot-autoconfigure@.*$</packageUrl>
		<cve>CVE-2023-20883</cve>
	</suppress>
	<suppress>
		<notes><![CDATA[
		file name: spring-boot-starter-data-rest-2.2.4.RELEASE.jar
		]]></notes>
		<packageUrl regex="true">^pkg:maven/org\.springframework\.boot/spring-boot-starter-data-rest@.*$</packageUrl>
		<cve>CVE-2023-20883</cve>
	</suppress>
	<suppress>
		<notes><![CDATA[
		file name: spring-boot-starter-tomcat-2.2.4.RELEASE.jar
		]]></notes>
		<packageUrl regex="true">^pkg:maven/org\.springframework\.boot/spring-boot-starter-tomcat@.*$</packageUrl>
		<cve>CVE-2023-20883</cve>
	</suppress>
	<suppress>
		<notes><![CDATA[
		file name: spring-boot-starter-logging-2.2.4.RELEASE.jar
		]]></notes>
		<packageUrl regex="true">^pkg:maven/org\.springframework\.boot/spring-boot-starter-logging@.*$</packageUrl>
		<cve>CVE-2023-20883</cve>
	</suppress>
	<suppress>
		<notes><![CDATA[
		file name: spring-boot-starter-validation-2.2.4.RELEASE.jar
		]]></notes>
		<packageUrl regex="true">^pkg:maven/org\.springframework\.boot/spring-boot-starter-validation@.*$</packageUrl>
		<cve>CVE-2023-20883</cve>
	</suppress>

	<!-- suppressing "CVE-2022-22965" because the application does not use Spring MVC or Spring WebFlux -->
	<suppress>
		<notes><![CDATA[
		file name: spring-core-5.2.3.RELEASE.jar
		]]></notes>
		<packageUrl regex="true">^pkg:maven/org\.springframework/spring-core@.*$</packageUrl>
		<cve>CVE-2022-22965</cve>
	</suppress>
	<suppress>
		<notes><![CDATA[
		file name: spring-web-5.2.3.RELEASE.jar
		]]></notes>
		<packageUrl regex="true">^pkg:maven/org\.springframework/spring-web@.*$</packageUrl>
		<cve>CVE-2022-22965</cve>
	</suppress>
	<suppress>
		<notes><![CDATA[
		file name: spring-webmvc-5.2.3.RELEASE.jar
		]]></notes>
		<packageUrl regex="true">^pkg:maven/org\.springframework/spring-webmvc@.*$</packageUrl>
		<cve>CVE-2022-22965</cve>
	</suppress>
	<suppress>
		<notes><![CDATA[
		file name: spring-aop-5.2.3.RELEASE.jar
		]]></notes>
		<packageUrl regex="true">^pkg:maven/org\.springframework/spring-aop@.*$</packageUrl>
		<cve>CVE-2022-22965</cve>
	</suppress>
	<suppress>
		<notes><![CDATA[
		file name: spring-expression-5.2.3.RELEASE.jar
		]]></notes>
		<packageUrl regex="true">^pkg:maven/org\.springframework/spring-expression@.*$</packageUrl>
		<cve>CVE-2022-22965</cve>
	</suppress>
	<suppress>
		<notes><![CDATA[
		file name: spring-tx-5.2.3.RELEASE.jar
		]]></notes>
		<packageUrl regex="true">^pkg:maven/org\.springframework/spring-tx@.*$</packageUrl>
		<cve>CVE-2022-22965</cve>
	</suppress>
	<suppress>
		<notes><![CDATA[
		file name: spring-beans-5.2.3.RELEASE.jar
		]]></notes>
		<packageUrl regex="true">^pkg:maven/org\.springframework/spring-beans@.*$</packageUrl>
		<cve>CVE-2022-22965</cve>
	</suppress>
	<suppress>
	<notes><![CDATA[
	file name: spring-jcl-5.2.3.RELEASE.jar
	]]></notes>
		<packageUrl regex="true">^pkg:maven/org\.springframework/spring-jcl@.*$</packageUrl>
	<cve>CVE-2022-22965</cve>
	</suppress>
	<suppress>
	<notes><![CDATA[
	file name: spring-context-5.2.3.RELEASE.jar
	]]></notes>
	<packageUrl regex="true">^pkg:maven/org\.springframework/spring-context@.*$</packageUrl>
	<cve>CVE-2022-22965</cve>
	</suppress>

	<!-- suppressing "CVE-2021-22118" because the application does not use Spring WebFlux -->
	<suppress>
	<notes><![CDATA[
	file name: spring-core-5.2.3.RELEASE.jar
	]]></notes>
	<packageUrl regex="true">^pkg:maven/org\.springframework/spring-core@.*$</packageUrl>
	<cve>CVE-2021-22118</cve>
	</suppress>
	<suppress>
	<notes><![CDATA[
	file name: spring-expression-5.2.3.RELEASE.jar
	]]></notes>
	<packageUrl regex="true">^pkg:maven/org\.springframework/spring-expression@.*$</packageUrl>
	<cve>CVE-2021-22118</cve>
	</suppress>
	<suppress>
	<notes><![CDATA[
	file name: spring-web-5.2.3.RELEASE.jar
	]]></notes>
	<packageUrl regex="true">^pkg:maven/org\.springframework/spring-web@.*$</packageUrl>
	<cve>CVE-2021-22118</cve>
	</suppress>
	<suppress>
		<notes><![CDATA[
		file name: spring-webmvc-5.2.3.RELEASE.jar
		]]></notes>
		<packageUrl regex="true">^pkg:maven/org\.springframework/spring-webmvc@.*$</packageUrl>
		<cve>CVE-2021-22118</cve>
	</suppress>
	<suppress>
		<notes><![CDATA[
		file name: spring-tx-5.2.3.RELEASE.jar
		]]></notes>
		<packageUrl regex="true">^pkg:maven/org\.springframework/spring-tx@.*$</packageUrl>
		<cve>CVE-2021-22118</cve>
	</suppress>
	<suppress>
		<notes><![CDATA[
		file name: spring-aop-5.2.3.RELEASE.jar
		]]></notes>
		<packageUrl regex="true">^pkg:maven/org\.springframework/spring-aop@.*$</packageUrl>
		<cve>CVE-2021-22118</cve>
	</suppress>
	<suppress>
		<notes><![CDATA[
		file name: spring-beans-5.2.3.RELEASE.jar
		]]></notes>
		<packageUrl regex="true">^pkg:maven/org\.springframework/spring-beans@.*$</packageUrl>
		<cve>CVE-2021-22118</cve>
	</suppress>
	<suppress>
		<notes><![CDATA[
		file name: spring-jcl-5.2.3.RELEASE.jar
		]]></notes>
		<packageUrl regex="true">^pkg:maven/org\.springframework/spring-jcl@.*$</packageUrl>
		<cve>CVE-2021-22118</cve>
	</suppress>
	<suppress>
		<notes><![CDATA[
		file name: spring-context-5.2.3.RELEASE.jar
		]]></notes>
		<packageUrl regex="true">^pkg:maven/org\.springframework/spring-context@.*$</packageUrl>
		<cve>CVE-2021-22118</cve>
	</suppress>
	
	<!-- suppressing "CVE-2020-5421" because the application does not use jsessionid -->
	<suppress>
		<notes><![CDATA[
		file name: spring-core-5.2.3.RELEASE.jar
		]]></notes>
		<packageUrl regex="true">^pkg:maven/org\.springframework/spring-core@.*$</packageUrl>
		<cve>CVE-2020-5421</cve>
	</suppress>
	<suppress>
		<notes><![CDATA[
		file name: spring-expression-5.2.3.RELEASE.jar
		]]></notes>
		<packageUrl regex="true">^pkg:maven/org\.springframework/spring-expression@.*$</packageUrl>
		<cve>CVE-2020-5421</cve>
	</suppress>
	<suppress>
		<notes><![CDATA[
		file name: spring-web-5.2.3.RELEASE.jar
		]]></notes>
		<packageUrl regex="true">^pkg:maven/org\.springframework/spring-web@.*$</packageUrl>
		<cve>CVE-2020-5421</cve>
	</suppress>
	<suppress>
		<notes><![CDATA[
		file name: spring-aop-5.2.3.RELEASE.jar
		]]></notes>
		<packageUrl regex="true">^pkg:maven/org\.springframework/spring-aop@.*$</packageUrl>
		<cve>CVE-2020-5421</cve>
	</suppress>
	<suppress>
		<notes><![CDATA[
		file name: spring-tx-5.2.3.RELEASE.jar
		]]></notes>
		<packageUrl regex="true">^pkg:maven/org\.springframework/spring-tx@.*$</packageUrl>
		<cve>CVE-2020-5421</cve>
	</suppress>
	<suppress>
		<notes><![CDATA[
		file name: spring-webmvc-5.2.3.RELEASE.jar
		]]></notes>
		<packageUrl regex="true">^pkg:maven/org\.springframework/spring-webmvc@.*$</packageUrl>
		<cve>CVE-2020-5421</cve>
	</suppress>
	<suppress>
		<notes><![CDATA[
		file name: spring-beans-5.2.3.RELEASE.jar
		]]></notes>
		<packageUrl regex="true">^pkg:maven/org\.springframework/spring-beans@.*$</packageUrl>
		<cve>CVE-2020-5421</cve>
	</suppress>
	<suppress>
		<notes><![CDATA[
		file name: spring-jcl-5.2.3.RELEASE.jar
		]]></notes>
		<packageUrl regex="true">^pkg:maven/org\.springframework/spring-jcl@.*$</packageUrl>
		<cve>CVE-2020-5421</cve>
	</suppress>
	<suppress>
		<notes><![CDATA[
		file name: spring-context-5.2.3.RELEASE.jar
		]]></notes>
		<packageUrl regex="true">^pkg:maven/org\.springframework/spring-context@.*$</packageUrl>
		<cve>CVE-2020-5421</cve>
	</suppress>
	
	<!-- suppressing "CVE-2022-22950" because the application does not use SpEL -->
	<suppress>
		<notes><![CDATA[
		file name: spring-core-5.2.3.RELEASE.jar
		]]></notes>
		<packageUrl regex="true">^pkg:maven/org\.springframework/spring-core@.*$</packageUrl>
		<cve>CVE-2022-22950</cve>
	</suppress>
	<suppress>
		<notes><![CDATA[
		file name: spring-expression-5.2.3.RELEASE.jar
		]]></notes>
		<packageUrl regex="true">^pkg:maven/org\.springframework/spring-expression@.*$</packageUrl>
		<cve>CVE-2022-22950</cve>
	</suppress>
	<suppress>
		<notes><![CDATA[
		file name: spring-tx-5.2.3.RELEASE.jar
		]]></notes>
		<packageUrl regex="true">^pkg:maven/org\.springframework/spring-tx@.*$</packageUrl>
		<cve>CVE-2022-22950</cve>
	</suppress>
	<suppress>
		<notes><![CDATA[
		file name: spring-web-5.2.3.RELEASE.jar
		]]></notes>
		<packageUrl regex="true">^pkg:maven/org\.springframework/spring-web@.*$</packageUrl>
		<cve>CVE-2022-22950</cve>
	</suppress>
	<suppress>
		<notes><![CDATA[
		file name: spring-webmvc-5.2.3.RELEASE.jar
		]]></notes>
		<packageUrl regex="true">^pkg:maven/org\.springframework/spring-webmvc@.*$</packageUrl>
		<cve>CVE-2022-22950</cve>
	</suppress>
	<suppress>
		<notes><![CDATA[
		file name: spring-aop-5.2.3.RELEASE.jar
		]]></notes>
		<packageUrl regex="true">^pkg:maven/org\.springframework/spring-aop@.*$</packageUrl>
		<cve>CVE-2022-22950</cve>
	</suppress>
	<suppress>
		<notes><![CDATA[
		file name: spring-beans-5.2.3.RELEASE.jar
		]]></notes>
		<packageUrl regex="true">^pkg:maven/org\.springframework/spring-beans@.*$</packageUrl>
		<cve>CVE-2022-22950</cve>
	</suppress>
	<suppress>
		<notes><![CDATA[
		file name: spring-jcl-5.2.3.RELEASE.jar
		]]></notes>
		<packageUrl regex="true">^pkg:maven/org\.springframework/spring-jcl@.*$</packageUrl>
		<cve>CVE-2022-22950</cve>
	</suppress>
	<suppress>
		<notes><![CDATA[
		file name: spring-context-5.2.3.RELEASE.jar
		]]></notes>
		<packageUrl regex="true">^pkg:maven/org\.springframework/spring-context@.*$</packageUrl>
		<cve>CVE-2022-22950</cve>
	</suppress>
	
	<!-- suppress "CVE-2022-22971" because the application does not use STOMP -->
	<suppress>
		<notes><![CDATA[
		file name: spring-core-5.2.3.RELEASE.jar
		]]></notes>
		<packageUrl regex="true">^pkg:maven/org\.springframework/spring-core@.*$</packageUrl>
		<cve>CVE-2022-22971</cve>
	</suppress>
	<suppress>
		<notes><![CDATA[
		file name: spring-expression-5.2.3.RELEASE.jar
		]]></notes>
		<packageUrl regex="true">^pkg:maven/org\.springframework/spring-expression@.*$</packageUrl>
		<cve>CVE-2022-22971</cve>
	</suppress>
	<suppress>
		<notes><![CDATA[
		file name: spring-tx-5.2.3.RELEASE.jar
		]]></notes>
		<packageUrl regex="true">^pkg:maven/org\.springframework/spring-tx@.*$</packageUrl>
		<cve>CVE-2022-22971</cve>
	</suppress>
	<suppress>
		<notes><![CDATA[
		file name: spring-web-5.2.3.RELEASE.jar
		]]></notes>
		<packageUrl regex="true">^pkg:maven/org\.springframework/spring-web@.*$</packageUrl>
		<cve>CVE-2022-22971</cve>
	</suppress>
	<suppress>
		<notes><![CDATA[
		file name: spring-webmvc-5.2.3.RELEASE.jar
		]]></notes>
		<packageUrl regex="true">^pkg:maven/org\.springframework/spring-webmvc@.*$</packageUrl>
		<cve>CVE-2022-22971</cve>
	</suppress>
	<suppress>
		<notes><![CDATA[
		file name: spring-aop-5.2.3.RELEASE.jar
		]]></notes>
		<packageUrl regex="true">^pkg:maven/org\.springframework/spring-aop@.*$</packageUrl>
		<cve>CVE-2022-22971</cve>
	</suppress>
	<suppress>
		<notes><![CDATA[
		file name: spring-jcl-5.2.3.RELEASE.jar
		]]></notes>
		<packageUrl regex="true">^pkg:maven/org\.springframework/spring-jcl@.*$</packageUrl>
		<cve>CVE-2022-22971</cve>
	</suppress>
	<suppress>
		<notes><![CDATA[
		file name: spring-beans-5.2.3.RELEASE.jar
		]]></notes>
		<packageUrl regex="true">^pkg:maven/org\.springframework/spring-beans@.*$</packageUrl>
		<cve>CVE-2022-22971</cve>
	</suppress>
	<suppress>
		<notes><![CDATA[
		file name: spring-context-5.2.3.RELEASE.jar
		]]></notes>
		<packageUrl regex="true">^pkg:maven/org\.springframework/spring-context@.*$</packageUrl>
		<cve>CVE-2022-22971</cve>
	</suppress>
	
	<!-- suppressing "CVE-2023-20861" because the application does not use SpEL -->
	<suppress>
		<notes><![CDATA[
		file name: spring-core-5.2.3.RELEASE.jar
		]]></notes>
		<packageUrl regex="true">^pkg:maven/org\.springframework/spring-core@.*$</packageUrl>
		<cve>CVE-2023-20861</cve>
	</suppress>
	<suppress>
		<notes><![CDATA[
		file name: spring-expression-5.2.3.RELEASE.jar
		]]></notes>
		<packageUrl regex="true">^pkg:maven/org\.springframework/spring-expression@.*$</packageUrl>
		<cve>CVE-2023-20861</cve>
	</suppress>
	<suppress>
		<notes><![CDATA[
		file name: spring-tx-5.2.3.RELEASE.jar
		]]></notes>
		<packageUrl regex="true">^pkg:maven/org\.springframework/spring-tx@.*$</packageUrl>
		<cve>CVE-2023-20861</cve>
	</suppress>
	<suppress>
		<notes><![CDATA[
		file name: spring-web-5.2.3.RELEASE.jar
		]]></notes>
		<packageUrl regex="true">^pkg:maven/org\.springframework/spring-web@.*$</packageUrl>
		<cve>CVE-2023-20861</cve>
	</suppress>
	<suppress>
		<notes><![CDATA[
		file name: spring-webmvc-5.2.3.RELEASE.jar
		]]></notes>
		<packageUrl regex="true">^pkg:maven/org\.springframework/spring-webmvc@.*$</packageUrl>
		<cve>CVE-2023-20861</cve>
	</suppress>
	<suppress>
		<notes><![CDATA[
		file name: spring-aop-5.2.3.RELEASE.jar
		]]></notes>
		<packageUrl regex="true">^pkg:maven/org\.springframework/spring-aop@.*$</packageUrl>
		<cve>CVE-2023-20861</cve>
	</suppress>
	<suppress>
		<notes><![CDATA[
		file name: spring-jcl-5.2.3.RELEASE.jar
		]]></notes>
		<packageUrl regex="true">^pkg:maven/org\.springframework/spring-jcl@.*$</packageUrl>
		<cve>CVE-2023-20861</cve>
	</suppress>
	<suppress>
		<notes><![CDATA[
		file name: spring-beans-5.2.3.RELEASE.jar
		]]></notes>
		<packageUrl regex="true">^pkg:maven/org\.springframework/spring-beans@.*$</packageUrl>
		<cve>CVE-2023-20861</cve>
	</suppress>
	<suppress>
		<notes><![CDATA[
		file name: spring-context-5.2.3.RELEASE.jar
		]]></notes>
		<packageUrl regex="true">^pkg:maven/org\.springframework/spring-context@.*$</packageUrl>
		<cve>CVE-2023-20861</cve>
	</suppress>
	
	<!-- suppressing "CVE-2023-20863" because the application does not use SpEL -->
	<suppress>
		<notes><![CDATA[
		file name: spring-core-5.2.3.RELEASE.jar
		]]></notes>
		<packageUrl regex="true">^pkg:maven/org\.springframework/spring-core@.*$</packageUrl>
		<cve>CVE-2023-20863</cve>
	</suppress>
	<suppress>
		<notes><![CDATA[
		file name: spring-expression-5.2.3.RELEASE.jar
		]]></notes>
		<packageUrl regex="true">^pkg:maven/org\.springframework/spring-expression@.*$</packageUrl>
		<cve>CVE-2023-20863</cve>
	</suppress>
	<suppress>
		<notes><![CDATA[
		file name: spring-tx-5.2.3.RELEASE.jar
		]]></notes>
		<packageUrl regex="true">^pkg:maven/org\.springframework/spring-tx@.*$</packageUrl>
		<cve>CVE-2023-20863</cve>
	</suppress>
	<suppress>
		<notes><![CDATA[
		file name: spring-web-5.2.3.RELEASE.jar
		]]></notes>
		<packageUrl regex="true">^pkg:maven/org\.springframework/spring-web@.*$</packageUrl>
		<cve>CVE-2023-20863</cve>
	</suppress>
	<suppress>
		<notes><![CDATA[
		file name: spring-webmvc-5.2.3.RELEASE.jar
		]]></notes>
		<packageUrl regex="true">^pkg:maven/org\.springframework/spring-webmvc@.*$</packageUrl>
		<cve>CVE-2023-20863</cve>
	</suppress>
	<suppress>
		<notes><![CDATA[
		file name: spring-aop-5.2.3.RELEASE.jar
		]]></notes>
		<packageUrl regex="true">^pkg:maven/org\.springframework/spring-aop@.*$</packageUrl>
		<cve>CVE-2023-20863</cve>
	</suppress>
	<suppress>
		<notes><![CDATA[
		file name: spring-jcl-5.2.3.RELEASE.jar
		]]></notes>
		<packageUrl regex="true">^pkg:maven/org\.springframework/spring-jcl@.*$</packageUrl>
		<cve>CVE-2023-20863</cve>
	</suppress>
	<suppress>
		<notes><![CDATA[
		file name: spring-beans-5.2.3.RELEASE.jar
		]]></notes>
		<packageUrl regex="true">^pkg:maven/org\.springframework/spring-beans@.*$</packageUrl>
		<cve>CVE-2023-20863</cve>
	</suppress>
	<suppress>
		<notes><![CDATA[
		file name: spring-context-5.2.3.RELEASE.jar
		]]></notes>
		<packageUrl regex="true">^pkg:maven/org\.springframework/spring-context@.*$</packageUrl>
		<cve>CVE-2023-20863</cve>
	</suppress>
	
	<!-- suppressing "CVE-2022-22968" because the application does not use databinder -->
	<suppress>
		<notes><![CDATA[
		file name: spring-aop-5.2.3.RELEASE.jar
		]]></notes>
		<packageUrl regex="true">^pkg:maven/org\.springframework/spring-aop@.*$</packageUrl>
		<cve>CVE-2022-22968</cve>
	</suppress>
	<suppress>
		<notes><![CDATA[
		file name: spring-core-5.2.3.RELEASE.jar
		]]></notes>
		<packageUrl regex="true">^pkg:maven/org\.springframework/spring-core@.*$</packageUrl>
		<cve>CVE-2022-22968</cve>
	</suppress>
	<suppress>
		<notes><![CDATA[
		file name: spring-expression-5.2.3.RELEASE.jar
		]]></notes>
		<packageUrl regex="true">^pkg:maven/org\.springframework/spring-expression@.*$</packageUrl>
		<cve>CVE-2022-22968</cve>
	</suppress>
	<suppress>
		<notes><![CDATA[
		file name: spring-jcl-5.2.3.RELEASE.jar
		]]></notes>
		<packageUrl regex="true">^pkg:maven/org\.springframework/spring-jcl@.*$</packageUrl>
		<cve>CVE-2022-22968</cve>
	</suppress>
	<suppress>
		<notes><![CDATA[
		file name: spring-web-5.2.3.RELEASE.jar
		]]></notes>
		<packageUrl regex="true">^pkg:maven/org\.springframework/spring-web@.*$</packageUrl>
		<cve>CVE-2022-22968</cve>
	</suppress>
	<suppress>
		<notes><![CDATA[
		file name: spring-webmvc-5.2.3.RELEASE.jar
		]]></notes>
		<packageUrl regex="true">^pkg:maven/org\.springframework/spring-webmvc@.*$</packageUrl>
		<cve>CVE-2022-22968</cve>
	</suppress>
	<suppress>
		<notes><![CDATA[
		file name: spring-beans-5.2.3.RELEASE.jar
		]]></notes>
		<packageUrl regex="true">^pkg:maven/org\.springframework/spring-beans@.*$</packageUrl>
		<cve>CVE-2022-22968</cve>
	</suppress>
	<suppress>
		<notes><![CDATA[
		file name: spring-tx-5.2.3.RELEASE.jar
		]]></notes>
		<packageUrl regex="true">^pkg:maven/org\.springframework/spring-tx@.*$</packageUrl>
		<cve>CVE-2022-22968</cve>
	</suppress>
	<suppress>
		<notes><![CDATA[
		file name: spring-context-5.2.3.RELEASE.jar
		]]></notes>
		<packageUrl regex="true">^pkg:maven/org\.springframework/spring-context@.*$</packageUrl>
		<cve>CVE-2022-22968</cve>
	</suppress>
	
	<!-- suppressing "CVE-2022-22970" because the application does not accept file uploads and does not use multipartfile or java.servlet.part -->
	<suppress>
		<notes><![CDATA[
		file name: spring-aop-5.2.3.RELEASE.jar
		]]></notes>
		<packageUrl regex="true">^pkg:maven/org\.springframework/spring-aop@.*$</packageUrl>
		<cve>CVE-2022-22970</cve>
	</suppress>
	<suppress>
		<notes><![CDATA[
		file name: spring-core-5.2.3.RELEASE.jar
		]]></notes>
		<packageUrl regex="true">^pkg:maven/org\.springframework/spring-core@.*$</packageUrl>
		<cve>CVE-2022-22970</cve>
	</suppress>
	<suppress>
		<notes><![CDATA[
		file name: spring-expression-5.2.3.RELEASE.jar
		]]></notes>
		<packageUrl regex="true">^pkg:maven/org\.springframework/spring-expression@.*$</packageUrl>
		<cve>CVE-2022-22970</cve>
	</suppress>
	<suppress>
		<notes><![CDATA[
		file name: spring-jcl-5.2.3.RELEASE.jar
		]]></notes>
		<packageUrl regex="true">^pkg:maven/org\.springframework/spring-jcl@.*$</packageUrl>
		<cve>CVE-2022-22970</cve>
	</suppress>
	<suppress>
		<notes><![CDATA[
		file name: spring-web-5.2.3.RELEASE.jar
		]]></notes>
		<packageUrl regex="true">^pkg:maven/org\.springframework/spring-web@.*$</packageUrl>
		<cve>CVE-2022-22970</cve>
	</suppress>
	<suppress>
		<notes><![CDATA[
		file name: spring-webmvc-5.2.3.RELEASE.jar
		]]></notes>
		<packageUrl regex="true">^pkg:maven/org\.springframework/spring-webmvc@.*$</packageUrl>
		<cve>CVE-2022-22970</cve>
	</suppress>
	<suppress>
		<notes><![CDATA[
		file name: spring-beans-5.2.3.RELEASE.jar
		]]></notes>
		<packageUrl regex="true">^pkg:maven/org\.springframework/spring-beans@.*$</packageUrl>
		<cve>CVE-2022-22970</cve>
	</suppress>
	<suppress>
		<notes><![CDATA[
		file name: spring-tx-5.2.3.RELEASE.jar
		]]></notes>
		<packageUrl regex="true">^pkg:maven/org\.springframework/spring-tx@.*$</packageUrl>
		<cve>CVE-2022-22970</cve>
	</suppress>
	<suppress>
		<notes><![CDATA[
		file name: spring-context-5.2.3.RELEASE.jar
		]]></notes>
		<packageUrl regex="true">^pkg:maven/org\.springframework/spring-context@.*$</packageUrl>
		<cve>CVE-2022-22970</cve>
	</suppress>
	
	<!-- supressing "CVE-2021-22060" because the application does not accept or log user input -->
	<suppress>
		<notes><![CDATA[
		file name: spring-aop-5.2.3.RELEASE.jar
		]]></notes>
		<packageUrl regex="true">^pkg:maven/org\.springframework/spring-aop@.*$</packageUrl>
		<cve>CVE-2021-22060</cve>
	</suppress>
	<suppress>
		<notes><![CDATA[
		file name: spring-core-5.2.3.RELEASE.jar
		]]></notes>
		<packageUrl regex="true">^pkg:maven/org\.springframework/spring-core@.*$</packageUrl>
		<cve>CVE-2021-22060</cve>
	</suppress>
	<suppress>
		<notes><![CDATA[
		file name: spring-expression-5.2.3.RELEASE.jar
		]]></notes>
		<packageUrl regex="true">^pkg:maven/org\.springframework/spring-expression@.*$</packageUrl>
		<cve>CVE-2021-22060</cve>
	</suppress>
	<suppress>
		<notes><![CDATA[
		file name: spring-jcl-5.2.3.RELEASE.jar
		]]></notes>
		<packageUrl regex="true">^pkg:maven/org\.springframework/spring-jcl@.*$</packageUrl>
		<cve>CVE-2021-22060</cve>
	</suppress>
	<suppress>
		<notes><![CDATA[
		file name: spring-web-5.2.3.RELEASE.jar
		]]></notes>
		<packageUrl regex="true">^pkg:maven/org\.springframework/spring-web@.*$</packageUrl>
		<cve>CVE-2021-22060</cve>
	</suppress>
	<suppress>
		<notes><![CDATA[
		file name: spring-webmvc-5.2.3.RELEASE.jar
		]]></notes>
		<packageUrl regex="true">^pkg:maven/org\.springframework/spring-webmvc@.*$</packageUrl>
		<cve>CVE-2021-22060</cve>
	</suppress>
	<suppress>
		<notes><![CDATA[
		file name: spring-beans-5.2.3.RELEASE.jar
		]]></notes>
		<packageUrl regex="true">^pkg:maven/org\.springframework/spring-beans@.*$</packageUrl>
		<cve>CVE-2021-22060</cve>
	</suppress>
	<suppress>
		<notes><![CDATA[
		file name: spring-tx-5.2.3.RELEASE.jar
		]]></notes>
		<packageUrl regex="true">^pkg:maven/org\.springframework/spring-tx@.*$</packageUrl>
		<cve>CVE-2021-22060</cve>
	</suppress>
	<suppress>
		<notes><![CDATA[
		file name: spring-context-5.2.3.RELEASE.jar
		]]></notes>
		<packageUrl regex="true">^pkg:maven/org\.springframework/spring-context@.*$</packageUrl>
		<cve>CVE-2021-22060</cve>
	</suppress>
	
	<!-- suppressing "CVE-2021-22096" because the application does not accept or log user input -->
	<suppress>
		<notes><![CDATA[
		file name: spring-aop-5.2.3.RELEASE.jar
		]]></notes>
		<packageUrl regex="true">^pkg:maven/org\.springframework/spring-aop@.*$</packageUrl>
		<cve>CVE-2021-22096</cve>
	</suppress>
	<suppress>
		<notes><![CDATA[
		file name: spring-core-5.2.3.RELEASE.jar
		]]></notes>
		<packageUrl regex="true">^pkg:maven/org\.springframework/spring-core@.*$</packageUrl>
		<cve>CVE-2021-22096</cve>
	</suppress>
	<suppress>
		<notes><![CDATA[
		file name: spring-expression-5.2.3.RELEASE.jar
		]]></notes>
		<packageUrl regex="true">^pkg:maven/org\.springframework/spring-expression@.*$</packageUrl>
		<cve>CVE-2021-22096</cve>
	</suppress>
	<suppress>
		<notes><![CDATA[
		file name: spring-jcl-5.2.3.RELEASE.jar
		]]></notes>
		<packageUrl regex="true">^pkg:maven/org\.springframework/spring-jcl@.*$</packageUrl>
		<cve>CVE-2021-22096</cve>
	</suppress>
	<suppress>
		<notes><![CDATA[
		file name: spring-web-5.2.3.RELEASE.jar
		]]></notes>
		<packageUrl regex="true">^pkg:maven/org\.springframework/spring-web@.*$</packageUrl>
		<cve>CVE-2021-22096</cve>
	</suppress>
	<suppress>
		<notes><![CDATA[
		file name: spring-webmvc-5.2.3.RELEASE.jar
		]]></notes>
		<packageUrl regex="true">^pkg:maven/org\.springframework/spring-webmvc@.*$</packageUrl>
		<cve>CVE-2021-22096</cve>
	</suppress>
	<suppress>
		<notes><![CDATA[
		file name: spring-beans-5.2.3.RELEASE.jar
		]]></notes>
		<packageUrl regex="true">^pkg:maven/org\.springframework/spring-beans@.*$</packageUrl>
		<cve>CVE-2021-22096</cve>
	</suppress>
	<suppress>
		<notes><![CDATA[
		file name: spring-tx-5.2.3.RELEASE.jar
		]]></notes>
		<packageUrl regex="true">^pkg:maven/org\.springframework/spring-tx@.*$</packageUrl>
		<cve>CVE-2021-22096</cve>
	</suppress>
	<suppress>
		<notes><![CDATA[
		file name: spring-context-5.2.3.RELEASE.jar
		]]></notes>
		<packageUrl regex="true">^pkg:maven/org\.springframework/spring-context@.*$</packageUrl>
		<cve>CVE-2021-22096</cve>
	</suppress>
	
	<!-- suppresssing "CVE-2023-34036" because the application doesn't use Spring WebFlux or Spring HATEOAS -->
	<suppress>
		<notes><![CDATA[
		file name: spring-hateoas-1.0.3.RELEASE.jar
		]]></notes>
		<packageUrl regex="true">^pkg:maven/org\.springframework\.hateoas/spring-hateoas@.*$</packageUrl>
		<cve>CVE-2023-34036</cve>
	</suppress>
	
	<!-- suppressing "CVE-2023-28708" because the application does not use remoteipfilter --> 
	<suppress>
		<notes><![CDATA[
		file name: tomcat-embed-websocket-9.0.30.jar
		]]></notes>
		<packageUrl regex="true">^pkg:maven/org\.apache\.tomcat\.embed/tomcat-embed-websocket@.*$</packageUrl>
		<cve>CVE-2023-28708</cve>
	</suppress>
	<suppress>
		<notes><![CDATA[
		file name: tomcat-embed-core-9.0.30.jar
		]]></notes>
		<packageUrl regex="true">^pkg:maven/org\.apache\.tomcat\.embed/tomcat-embed-core@.*$</packageUrl>
		<cve>CVE-2023-28708</cve>
	</suppress>
	
	<!-- suppressing "CVE-2020-13943 " because the application does not use HTTP/2 -->
	<suppress>
		<notes><![CDATA[
		file name: tomcat-embed-websocket-9.0.30.jar
		]]></notes>
		<packageUrl regex="true">^pkg:maven/org\.apache\.tomcat\.embed/tomcat-embed-websocket@.*$</packageUrl>
		<cve>CVE-2020-13943</cve>
	</suppress>
	<suppress>
		<notes><![CDATA[
		file name: tomcat-embed-core-9.0.30.jar
		]]></notes>
		<packageUrl regex="true">^pkg:maven/org\.apache\.tomcat\.embed/tomcat-embed-core@.*$</packageUrl>
		<cve>CVE-2020-13943</cve>
	</suppress>
	
	<!-- suprpessing "CVE-2019-17569" because the application does not use a reverse proxy -->
	<suppress>
		<notes><![CDATA[
		file name: tomcat-embed-websocket-9.0.30.jar
		]]></notes>
		<packageUrl regex="true">^pkg:maven/org\.apache\.tomcat\.embed/tomcat-embed-websocket@.*$</packageUrl>
		<cve>CVE-2019-17569</cve>
	</suppress>
	<suppress>
		<notes><![CDATA[
		file name: tomcat-embed-core-9.0.30.jar
		]]></notes>
		<packageUrl regex="true">^pkg:maven/org\.apache\.tomcat\.embed/tomcat-embed-core@.*$</packageUrl>
		<cve>CVE-2019-17569</cve>
	</suppress>
	
	<!-- suppressing "CVE-2023-45648" because the application does not use reverse proxy -->
	<suppress>
		<notes><![CDATA[
		file name: tomcat-embed-websocket-9.0.30.jar
		]]></notes>
		<packageUrl regex="true">^pkg:maven/org\.apache\.tomcat\.embed/tomcat-embed-websocket@.*$</packageUrl>
		<cve>CVE-2023-45648</cve>
	</suppress>
	<suppress>
		<notes><![CDATA[
		file name: tomcat-embed-core-9.0.30.jar
		]]></notes>
		<packageUrl regex="true">^pkg:maven/org\.apache\.tomcat\.embed/tomcat-embed-core@.*$</packageUrl>
		<cve>CVE-2023-45648</cve>
	</suppress>
	
	<!-- suppressing "CVE-2023-42795" because the application does not recycle internal objects -->
	<suppress>
		<notes><![CDATA[
		file name: tomcat-embed-websocket-9.0.30.jar
		]]></notes>
		<packageUrl regex="true">^pkg:maven/org\.apache\.tomcat\.embed/tomcat-embed-websocket@.*$</packageUrl>
		<cve>CVE-2023-42795</cve>
	</suppress>
	<suppress>
		<notes><![CDATA[
		file name: tomcat-embed-core-9.0.30.jar
		]]></notes>
		<packageUrl regex="true">^pkg:maven/org\.apache\.tomcat\.embed/tomcat-embed-core@.*$</packageUrl>
		<cve>CVE-2023-42795</cve>
	</suppress>
	
	<!-- suppressing "CVE-2021-33037" because the application does not use reverse proxy -->
	<suppress>
		<notes><![CDATA[
		file name: tomcat-embed-websocket-9.0.30.jar
		]]></notes>
		<packageUrl regex="true">^pkg:maven/org\.apache\.tomcat\.embed/tomcat-embed-websocket@.*$</packageUrl>
		<cve>CVE-2021-33037</cve>
	</suppress>
	<suppress>
		<notes><![CDATA[
		file name: tomcat-embed-core-9.0.30.jar
		]]></notes>
		<packageUrl regex="true">^pkg:maven/org\.apache\.tomcat\.embed/tomcat-embed-core@.*$</packageUrl>
		<cve>CVE-2021-33037</cve>
	</suppress>
	
	<!-- suppressing "CVE-2021-24122" because the application does not use the JRE API File.getCanonicalPath() -->
	<suppress>
		<notes><![CDATA[
		file name: tomcat-embed-websocket-9.0.30.jar
		]]></notes>
		<packageUrl regex="true">^pkg:maven/org\.apache\.tomcat\.embed/tomcat-embed-websocket@.*$</packageUrl>
		<cve>CVE-2021-24122</cve>
	</suppress>
	<suppress>
		<notes><![CDATA[
		file name: tomcat-embed-core-9.0.30.jar
		]]></notes>
		<packageUrl regex="true">^pkg:maven/org\.apache\.tomcat\.embed/tomcat-embed-core@.*$</packageUrl>
		<cve>CVE-2021-24122</cve>
	</suppress>
	
	<!-- suppressing "CVE-2023-41080" because the appliation does not use FORM authentication -->
	<suppress>
		<notes><![CDATA[
		file name: tomcat-embed-websocket-9.0.30.jar
		]]></notes>
		<packageUrl regex="true">^pkg:maven/org\.apache\.tomcat\.embed/tomcat-embed-websocket@.*$</packageUrl>
		<cve>CVE-2023-41080</cve>
	</suppress>
	<suppress>
		<notes><![CDATA[
		file name: tomcat-embed-core-9.0.30.jar
		]]></notes>
		<packageUrl regex="true">^pkg:maven/org\.apache\.tomcat\.embed/tomcat-embed-core@.*$</packageUrl>
		<cve>CVE-2023-41080</cve>
	</suppress>
	
	<!-- suppressing "CVE-2022-34305" because the application doesn't use FORM authentication -->
	<suppress>
		<notes><![CDATA[
		file name: tomcat-embed-websocket-9.0.30.jar
		]]></notes>
		<packageUrl regex="true">^pkg:maven/org\.apache\.tomcat\.embed/tomcat-embed-websocket@.*$</packageUrl>
		<cve>CVE-2022-34305</cve>
	</suppress>
	<suppress>
		<notes><![CDATA[
		file name: tomcat-embed-core-9.0.30.jar
		]]></notes>
		<packageUrl regex="true">^pkg:maven/org\.apache\.tomcat\.embed/tomcat-embed-core@.*$</packageUrl>
		<cve>CVE-2022-34305</cve>
	</suppress>
	
	<!-- suppressing "CVE-2021-30640" because the application doesn't use the JNDI realm or LockOut realm -->
	<suppress>
		<notes><![CDATA[
		file name: tomcat-embed-websocket-9.0.30.jar
		]]></notes>
		<packageUrl regex="true">^pkg:maven/org\.apache\.tomcat\.embed/tomcat-embed-websocket@.*$</packageUrl>
		<cve>CVE-2021-30640</cve>
	</suppress>
	<suppress>
		<notes><![CDATA[
		file name: tomcat-embed-core-9.0.30.jar
		]]></notes>
		<packageUrl regex="true">^pkg:maven/org\.apache\.tomcat\.embed/tomcat-embed-core@.*$</packageUrl>
		<cve>CVE-2021-30640</cve>
	</suppress>
	
	<!-- suppressing "CVE-2020-9484" because the application does not use PersistenceManager or FileStore -->
	<suppress>
		<notes><![CDATA[
		file name: tomcat-embed-core-9.0.30.jar
		]]></notes>
		<packageUrl regex="true">^pkg:maven/org\.apache\.tomcat\.embed/tomcat-embed-core@.*$</packageUrl>
		<cve>CVE-2020-9484</cve>
	</suppress>
	<suppress>
		<notes><![CDATA[
		file name: tomcat-embed-websocket-9.0.30.jar
		]]></notes>
		<packageUrl regex="true">^pkg:maven/org\.apache\.tomcat\.embed/tomcat-embed-websocket@.*$</packageUrl>
		<cve>CVE-2020-9484</cve>
	</suppress>
	
	<!-- suppressing "CVE-2021-25329" because its related to "CVE-2020-9484" which is not relevant -->
	<suppress>
		<notes><![CDATA[
		file name: tomcat-embed-websocket-9.0.30.jar
		]]></notes>
		<packageUrl regex="true">^pkg:maven/org\.apache\.tomcat\.embed/tomcat-embed-websocket@.*$</packageUrl>
		<cve>CVE-2021-25329</cve>
	</suppress>
	<suppress>
		<notes><![CDATA[
		file name: tomcat-embed-core-9.0.30.jar
		]]></notes>
		<packageUrl regex="true">^pkg:maven/org\.apache\.tomcat\.embed/tomcat-embed-core@.*$</packageUrl>
		<cve>CVE-2021-25329</cve>
	</suppress>
	
	<!-- suppressing "CVE-2023-44487" because the application does not use HTTP/2 -->
	<suppress>
		<notes><![CDATA[
		file name: tomcat-embed-websocket-9.0.30.jar
		]]></notes>
		<packageUrl regex="true">^pkg:maven/org\.apache\.tomcat\.embed/tomcat-embed-websocket@.*$</packageUrl>
		<cve>CVE-2023-44487</cve>
	</suppress>
	<suppress>
		<notes><![CDATA[
		file name: tomcat-embed-core-9.0.30.jar
		]]></notes>
		<packageUrl regex="true">^pkg:maven/org\.apache\.tomcat\.embed/tomcat-embed-core@.*$</packageUrl>
		<cve>CVE-2023-44487</cve>
	</suppress>
	
	<!-- suppressing "CVE-2022-42252" because the application does not use a reverse proxy -->
	<suppress>
		<notes><![CDATA[
		file name: tomcat-embed-websocket-9.0.30.jar
		]]></notes>
		<packageUrl regex="true">^pkg:maven/org\.apache\.tomcat\.embed/tomcat-embed-websocket@.*$</packageUrl>
		<cve>CVE-2022-42252</cve>
	</suppress>
	<suppress>
		<notes><![CDATA[
		file name: tomcat-embed-core-9.0.30.jar
		]]></notes>
		<packageUrl regex="true">^pkg:maven/org\.apache\.tomcat\.embed/tomcat-embed-core@.*$</packageUrl>
		<cve>CVE-2022-42252</cve>
	</suppress>
	
	<!-- suppressing "CVE-2022-29885" because the application does not use EncryptIntercepter -->
	<suppress>
		<notes><![CDATA[
		file name: tomcat-embed-websocket-9.0.30.jar
		]]></notes>
		<packageUrl regex="true">^pkg:maven/org\.apache\.tomcat\.embed/tomcat-embed-websocket@.*$</packageUrl>
		<cve>CVE-2022-29885</cve>
	</suppress>
	<suppress>
		<notes><![CDATA[
		file name: tomcat-embed-core-9.0.30.jar
		]]></notes>
		<packageUrl regex="true">^pkg:maven/org\.apache\.tomcat\.embed/tomcat-embed-core@.*$</packageUrl>
		<cve>CVE-2022-29885</cve>
	</suppress>
	
	<!-- suppressing "CVE-2021-25122" because the application doesn't use HTTP/2 or h2c -->
	<suppress>
		<notes><![CDATA[
		file name: tomcat-embed-websocket-9.0.30.jar
		]]></notes>
		<packageUrl regex="true">^pkg:maven/org\.apache\.tomcat\.embed/tomcat-embed-websocket@.*$</packageUrl>
		<cve>CVE-2021-25122</cve>
	</suppress>
	<suppress>
		<notes><![CDATA[
		file name: tomcat-embed-core-9.0.30.jar
		]]></notes>
		<packageUrl regex="true">^pkg:maven/org\.apache\.tomcat\.embed/tomcat-embed-core@.*$</packageUrl>
		<cve>CVE-2021-25122</cve>
	</suppress>
	
	<!-- suppressing "CVE-2020-17527" because the application doesn't use HTTP/2 -->
	<suppress>
		<notes><![CDATA[
		file name: tomcat-embed-websocket-9.0.30.jar
		]]></notes>
		<packageUrl regex="true">^pkg:maven/org\.apache\.tomcat\.embed/tomcat-embed-websocket@.*$</packageUrl>
		<cve>CVE-2020-17527</cve>
	</suppress>
	<suppress>
		<notes><![CDATA[
		file name: tomcat-embed-core-9.0.30.jar
		]]></notes>
		<packageUrl regex="true">^pkg:maven/org\.apache\.tomcat\.embed/tomcat-embed-core@.*$</packageUrl>
		<cve>CVE-2020-17527</cve>
	</suppress>
	
	<!-- suppressing "CVE-2020-13935" because the application does not use WebSocket -->
	<suppress>
		<notes><![CDATA[
		file name: tomcat-embed-websocket-9.0.30.jar
		]]></notes>
		<packageUrl regex="true">^pkg:maven/org\.apache\.tomcat\.embed/tomcat-embed-websocket@.*$</packageUrl>
		<cve>CVE-2020-13935</cve>
	</suppress>
	<suppress>
		<notes><![CDATA[
		file name: tomcat-embed-core-9.0.30.jar
		]]></notes>
		<packageUrl regex="true">^pkg:maven/org\.apache\.tomcat\.embed/tomcat-embed-core@.*$</packageUrl>
		<cve>CVE-2020-13935</cve>
	</suppress>
	
	<!-- suppressing "CVE-2020-13934" because the application doesn't use h2c -->
	<suppress>
		<notes><![CDATA[
		file name: tomcat-embed-websocket-9.0.30.jar
		]]></notes>
		<packageUrl regex="true">^pkg:maven/org\.apache\.tomcat\.embed/tomcat-embed-websocket@.*$</packageUrl>
		<cve>CVE-2020-13934</cve>
	</suppress>
	<suppress>
		<notes><![CDATA[
		file name: tomcat-embed-core-9.0.30.jar
		]]></notes>
		<packageUrl regex="true">^pkg:maven/org\.apache\.tomcat\.embed/tomcat-embed-core@.*$</packageUrl>
		<cve>CVE-2020-13934</cve>
	</suppress>
	
	<!-- suppressing "CVE-2020-11996" because the application doesn't use HTTP/2 -->
	<suppress>
		<notes><![CDATA[
		file name: tomcat-embed-websocket-9.0.30.jar
		]]></notes>
		<packageUrl regex="true">^pkg:maven/org\.apache\.tomcat\.embed/tomcat-embed-websocket@.*$</packageUrl>
		<cve>CVE-2020-11996</cve>
	</suppress>
	<suppress>
		<notes><![CDATA[
		file name: tomcat-embed-core-9.0.30.jar
		]]></notes>
		<packageUrl regex="true">^pkg:maven/org\.apache\.tomcat\.embed/tomcat-embed-core@.*$</packageUrl>
		<cve>CVE-2020-11996</cve>
	</suppress>
	
	<!-- suppressing "CVE-2020-1938" because the application has HTTP disabled, and only allows HTTPS -->
	<suppress>
		<notes><![CDATA[
		file name: tomcat-embed-websocket-9.0.30.jar
		]]></notes>
		<packageUrl regex="true">^pkg:maven/org\.apache\.tomcat\.embed/tomcat-embed-websocket@.*$</packageUrl>
		<cve>CVE-2020-1938</cve>
	</suppress>
	<suppress>
		<notes><![CDATA[
		file name: tomcat-embed-core-9.0.30.jar
		]]></notes>
		<packageUrl regex="true">^pkg:maven/org\.apache\.tomcat\.embed/tomcat-embed-core@.*$</packageUrl>
		<cve>CVE-2020-1938</cve>
	</suppress>
	
	<!-- suppressing "CVE-2022-31679 (OSSINDEX)" because the application does not use or allow HTTP PATCH -->
	<suppress>
		<notes><![CDATA[
		file name: spring-data-rest-webmvc-3.2.4.RELEASE.jar
		]]></notes>
		<packageUrl regex="true">^pkg:maven/org\.springframework\.data/spring-data-rest-webmvc@.*$</packageUrl>
		<vulnerabilityName>CVE-2022-31679</vulnerabilityName>
	</suppress>
	
	<!-- suppressing "CVE-2024-38808 (OSSINDEX)" because the application doesn't use SpEL -->
	<suppress>
		<notes><![CDATA[
		file name: spring-expression-5.2.3.RELEASE.jar
		]]></notes>
		<packageUrl regex="true">^pkg:maven/org\.springframework/spring-expression@.*$</packageUrl>
		<vulnerabilityName>CVE-2024-38808</vulnerabilityName>
	</suppress>
	
	<!-- suppressing "CVE-2016-1000027" because the application does not use Pivotal Spring Framework -->
	<suppress>
		<notes><![CDATA[
		file name: spring-web-5.2.3.RELEASE.jar
		]]></notes>
		<packageUrl regex="true">^pkg:maven/org\.springframework/spring-web@.*$</packageUrl>
		<cve>CVE-2016-1000027</cve>
	</suppress>
	
	<!-- suppressing "CVE-2024-38809 (OSSINDEX)" because the application doesn't parse ETags from "if-match" or "if-none-match" headers -->
	<suppress>
		<notes><![CDATA[
		file name: spring-web-5.2.3.RELEASE.jar
		]]></notes>
		<packageUrl regex="true">^pkg:maven/org\.springframework/spring-web@.*$</packageUrl>
		<vulnerabilityName>CVE-2024-38809</vulnerabilityName>
	</suppress>
	
	<!-- suppressing "CVE-2024-22243 (OSSINDEX)" because the application does not use UriComponentsBuilder -->
	<suppress>
		<notes><![CDATA[
		file name: spring-web-5.2.3.RELEASE.jar
		]]></notes>
		<packageUrl regex="true">^pkg:maven/org\.springframework/spring-web@.*$</packageUrl>
		<vulnerabilityName>CVE-2024-22243</vulnerabilityName>
	</suppress>
	
	<!-- suppressing "CVE-2024-22262 (OSSINDEX)" because it is related to "CVE-2024-22243 (OSSINDEX)" which is irrelevant -->
	<suppress>
		<notes><![CDATA[
		file name: spring-web-5.2.3.RELEASE.jar
		]]></notes>
		<packageUrl regex="true">^pkg:maven/org\.springframework/spring-web@.*$</packageUrl>
		<vulnerabilityName>CVE-2024-22262</vulnerabilityName>
	</suppress>
	
	<!-- suppressing "CVE-2024-38816 (OSSINDEX)" because the application does not use WebMVC or WebFlux -->
	<suppress>
		<notes><![CDATA[
		file name: spring-webmvc-5.2.3.RELEASE.jar
		]]></notes>
		<packageUrl regex="true">^pkg:maven/org\.springframework/spring-webmvc@.*$</packageUrl>
		<vulnerabilityName>CVE-2024-38816</vulnerabilityName>
	</suppress>
	
	<!-- suppressing "CVE-2021-43980" because the application does not use Http11Processor -->
	<suppress>
		<notes><![CDATA[
		file name: tomcat-embed-websocket-9.0.30.jar
		]]></notes>
		<packageUrl regex="true">^pkg:maven/org\.apache\.tomcat\.embed/tomcat-embed-websocket@.*$</packageUrl>
		<cve>CVE-2021-43980</cve>
	</suppress>
	<suppress>
		<notes><![CDATA[
		file name: tomcat-embed-core-9.0.30.jar
		]]></notes>
		<packageUrl regex="true">^pkg:maven/org\.apache\.tomcat\.embed/tomcat-embed-core@.*$</packageUrl>
		<cve>CVE-2021-43980</cve>
	</suppress>
	
	<!-- suppressing "CVE-2020-1935" because the application has HTTP disabled -->
	<suppress>
		<notes><![CDATA[
		file name: tomcat-embed-websocket-9.0.30.jar
		]]></notes>
		<packageUrl regex="true">^pkg:maven/org\.apache\.tomcat\.embed/tomcat-embed-websocket@.*$</packageUrl>
		<cve>CVE-2020-1935</cve>
	</suppress>
	<suppress>
		<notes><![CDATA[
		file name: tomcat-embed-core-9.0.30.jar
		]]></notes>
		<packageUrl regex="true">^pkg:maven/org\.apache\.tomcat\.embed/tomcat-embed-core@.*$</packageUrl>
		<cve>CVE-2020-1935</cve>
	</suppress>
	
	<!-- suppressing "CVE-2023-20860" because the application does not use Spring MVC -->
	<suppress>
		<notes><![CDATA[
		file name: spring-web-5.3.7.jar
		]]></notes>
		<packageUrl regex="true">^pkg:maven/org\.springframework/spring-web@.*$</packageUrl>
		<cve>CVE-2023-20860</cve>
	</suppress>
	<suppress>
		<notes><![CDATA[
		file name: spring-core-5.3.7.jar
		]]></notes>
		<packageUrl regex="true">^pkg:maven/org\.springframework/spring-core@.*$</packageUrl>
		<cve>CVE-2023-20860</cve>
	</suppress>
	<suppress>
		<notes><![CDATA[
		file name: spring-web-5.3.7.jar
		]]></notes>
		<packageUrl regex="true">^pkg:maven/org\.springframework/spring-web@.*$</packageUrl>
		<cve>CVE-2023-20860</cve>
	</suppress>
	<suppress>
		<notes><![CDATA[
		file name: spring-webmvc-5.3.7.jar
		]]></notes>
		<packageUrl regex="true">^pkg:maven/org\.springframework/spring-webmvc@.*$</packageUrl>
		<cve>CVE-2023-20860</cve>
	</suppress>
	<suppress>
		<notes><![CDATA[
		file name: spring-tx-5.3.7.jar
		]]></notes>
		<packageUrl regex="true">^pkg:maven/org\.springframework/spring-tx@.*$</packageUrl>
		<cve>CVE-2023-20860</cve>
	</suppress>
	<suppress>
		<notes><![CDATA[
		file name: spring-aop-5.3.7.jar
		]]></notes>
		<packageUrl regex="true">^pkg:maven/org\.springframework/spring-aop@.*$</packageUrl>
		<cve>CVE-2023-20860</cve>
	</suppress>
	<suppress>
		<notes><![CDATA[
		file name: spring-jcl-5.3.7.jar
		]]></notes>
		<packageUrl regex="true">^pkg:maven/org\.springframework/spring-jcl@.*$</packageUrl>
		<cve>CVE-2023-20860</cve>
	</suppress>
	<suppress>
		<notes><![CDATA[
		file name: spring-beans-5.3.7.jar
		]]></notes>
		<packageUrl regex="true">^pkg:maven/org\.springframework/spring-beans@.*$</packageUrl>
		<cve>CVE-2023-20860</cve>
	</suppress>
	<suppress>
		<notes><![CDATA[
		file name: spring-context-5.3.7.jar
		]]></notes>
		<packageUrl regex="true">^pkg:maven/org\.springframework/spring-context@.*$</packageUrl>
		<cve>CVE-2023-20860</cve>
	</suppress>
	<suppress>
		<notes><![CDATA[
		file name: spring-expression-5.3.7.jar
		]]></notes>
		<packageUrl regex="true">^pkg:maven/org\.springframework/spring-expression@.*$</packageUrl>
		<cve>CVE-2023-20860</cve>
	</suppress>
	
	<!-- suppressing "CVE-2024-38820" because the application does not use String.toLowerCase -->
	<suppress>
		<notes><![CDATA[
		file name: spring-web-5.3.7.jar
		]]></notes>
		<packageUrl regex="true">^pkg:maven/org\.springframework/spring-web@.*$</packageUrl>
		<cve>CVE-2024-38820</cve>
	</suppress>
	<suppress>
		<notes><![CDATA[
		file name: spring-core-5.3.7.jar
		]]></notes>
		<packageUrl regex="true">^pkg:maven/org\.springframework/spring-core@.*$</packageUrl>
		<cve>CVE-2024-38820</cve>
	</suppress>
	<suppress>
		<notes><![CDATA[
		file name: spring-web-5.3.7.jar
		]]></notes>
		<packageUrl regex="true">^pkg:maven/org\.springframework/spring-web@.*$</packageUrl>
		<cve>CVE-2024-38820</cve>
	</suppress>
	<suppress>
		<notes><![CDATA[
		file name: spring-webmvc-5.3.7.jar
		]]></notes>
		<packageUrl regex="true">^pkg:maven/org\.springframework/spring-webmvc@.*$</packageUrl>
		<cve>CVE-2024-38820</cve>
	</suppress>
	<suppress>
		<notes><![CDATA[
		file name: spring-tx-5.3.7.jar
		]]></notes>
		<packageUrl regex="true">^pkg:maven/org\.springframework/spring-tx@.*$</packageUrl>
		<cve>CVE-2024-38820</cve>
	</suppress>
	<suppress>
		<notes><![CDATA[
		file name: spring-aop-5.3.7.jar
		]]></notes>
		<packageUrl regex="true">^pkg:maven/org\.springframework/spring-aop@.*$</packageUrl>
		<cve>CVE-2024-38820</cve>
	</suppress>
	<suppress>
		<notes><![CDATA[
		file name: spring-jcl-5.3.7.jar
		]]></notes>
		<packageUrl regex="true">^pkg:maven/org\.springframework/spring-jcl@.*$</packageUrl>
		<cve>CVE-2024-38820</cve>
	</suppress>
	<suppress>
		<notes><![CDATA[
		file name: spring-beans-5.3.7.jar
		]]></notes>
		<packageUrl regex="true">^pkg:maven/org\.springframework/spring-beans@.*$</packageUrl>
		<cve>CVE-2024-38820</cve>
	</suppress>
	<suppress>
		<notes><![CDATA[
		file name: spring-context-5.3.7.jar
		]]></notes>
		<packageUrl regex="true">^pkg:maven/org\.springframework/spring-context@.*$</packageUrl>
		<cve>CVE-2024-38820</cve>
	</suppress>
	<suppress>
		<notes><![CDATA[
		file name: spring-expression-5.3.7.jar
		]]></notes>
		<packageUrl regex="true">^pkg:maven/org\.springframework/spring-expression@.*$</packageUrl>
		<cve>CVE-2024-38820</cve>
	</suppress>
	
	<!-- suppressing "CVE-2021-22047" because the application has HTTP disabled -->
	<suppress>
		<notes><![CDATA[
		file name: spring-data-rest-core-3.5.1.jar
		]]></notes>
		<packageUrl regex="true">^pkg:maven/org\.springframework\.data/spring-data-rest-core@.*$</packageUrl>
		<cve>CVE-2021-22047</cve>
	</suppress>
	<suppress>
		<notes><![CDATA[
		file name: spring-data-rest-webmvc-3.5.1.jar
		]]></notes>
		<packageUrl regex="true">^pkg:maven/org\.springframework\.data/spring-data-rest-webmvc@.*$</packageUrl>
		<cve>CVE-2021-22047</cve>
	</suppress>
	
	<!-- suppressing "CVE-2021-42340" because the application has HTTP disabled -->
	<suppress>
		<notes><![CDATA[
		file name: tomcat-embed-core-9.0.46.jar
		]]></notes>
		<packageUrl regex="true">^pkg:maven/org\.apache\.tomcat\.embed/tomcat-embed-core@.*$</packageUrl>
		<cve>CVE-2021-42340</cve>
	</suppress>
	<suppress>
		<notes><![CDATA[
		file name: tomcat-embed-websocket-9.0.46.jar
		]]></notes>
		<packageUrl regex="true">^pkg:maven/org\.apache\.tomcat\.embed/tomcat-embed-websocket@.*$</packageUrl>
		<cve>CVE-2021-42340</cve>
	</suppress>
	
	<!-- suppressing "CVE-2022-45143" because the application does not handle JSON -->
	<suppress>
		<notes><![CDATA[
		file name: tomcat-embed-core-9.0.46.jar
		]]></notes>
		<packageUrl regex="true">^pkg:maven/org\.apache\.tomcat\.embed/tomcat-embed-core@.*$</packageUrl>
		<cve>CVE-2022-45143</cve>
	</suppress>
	<suppress>
		<notes><![CDATA[
		file name: tomcat-embed-websocket-9.0.46.jar
		]]></notes>
		<packageUrl regex="true">^pkg:maven/org\.apache\.tomcat\.embed/tomcat-embed-websocket@.*$</packageUrl>
		<cve>CVE-2022-45143</cve>
	</suppress>
	
	<!-- suppressing "CVE-2023-46589" because the application has HTTP disabled -->
	<suppress>
		<notes><![CDATA[
		file name: tomcat-embed-core-9.0.46.jar
		]]></notes>
		<packageUrl regex="true">^pkg:maven/org\.apache\.tomcat\.embed/tomcat-embed-core@.*$</packageUrl>
		<cve>CVE-2023-46589</cve>
	</suppress>
	<suppress>
		<notes><![CDATA[
		file name: tomcat-embed-websocket-9.0.46.jar
		]]></notes>
		<packageUrl regex="true">^pkg:maven/org\.apache\.tomcat\.embed/tomcat-embed-websocket@.*$</packageUrl>
		<cve>CVE-2023-46589</cve>
	</suppress>
	
	<!-- suppressing "CVE-2022-23181" because the application does not use FileStore -->
	<suppress>
		<notes><![CDATA[
		file name: tomcat-embed-core-9.0.46.jar
		]]></notes>
		<packageUrl regex="true">^pkg:maven/org\.apache\.tomcat\.embed/tomcat-embed-core@.*$</packageUrl>
		<cve>CVE-2022-23181</cve>
	</suppress>
	<suppress>
		<notes><![CDATA[
		file name: tomcat-embed-websocket-9.0.46.jar
		]]></notes>
		<packageUrl regex="true">^pkg:maven/org\.apache\.tomcat\.embed/tomcat-embed-websocket@.*$</packageUrl>
		<cve>CVE-2022-23181</cve>
	</suppress>
</suppressions>